,City,Lat,Lng,Max Temp,Humidity,Cloudiness,Wind Speed,Country,Date
0,Graaff-Reinet,-32.2522,24.5308,44.92,82,42,2.53,ZA,2021-10-04 01:05:50
1,Ushuaia,-54.8,-68.3,38.86,65,90,17.27,AR,2021-10-04 01:08:16
2,Kapaa,22.0752,-159.319,78.19,85,90,1.99,US,2021-10-04 01:12:01
3,Saint-Philippe,-21.3585,55.7679,69.39,82,49,10.83,RE,2021-10-04 01:12:01
4,Busselton,-33.65,115.3333,55.04,73,100,15.88,AU,2021-10-04 01:12:02
5,Nemuro,43.3236,145.575,62.28,85,100,25.17,JP,2021-10-04 01:12:02
6,Kodiak,57.79,-152.4072,43.36,50,0,5.53,US,2021-10-04 01:09:13
7,Vaini,-21.2,-175.2,75.36,78,75,10.36,TO,2021-10-04 01:12:03
8,Punta Arenas,-53.15,-70.9167,39.31,75,0,31.07,CL,2021-10-04 01:12:03
9,Ourossogui,15.6064,-13.3211,88.77,46,65,4.41,SN,2021-10-04 01:12:04
10,Bluff,-46.6,168.3333,51.8,79,100,24.65,NZ,2021-10-04 01:12:04
11,Barrow,71.2906,-156.7887,28.42,74,90,6.91,US,2021-10-04 01:12:05
12,Atuona,-9.8,-139.0333,77.49,76,13,14.72,PF,2021-10-04 01:12:05
13,Yamada,39.4667,141.95,76.48,50,0,8.88,JP,2021-10-04 01:12:05
14,Rikitea,-23.1203,-134.9692,73.71,67,100,17.63,PF,2021-10-04 01:12:06
15,Broken Hill,-31.95,141.4333,62.26,35,5,23.82,AU,2021-10-04 01:12:06
16,Awbari,26.5921,12.7805,75.13,33,2,9.57,LY,2021-10-04 01:12:07
17,Serro,-18.6047,-43.3794,71.89,61,37,1.01,BR,2021-10-04 01:12:07
18,Policka,49.7146,16.2654,56.03,93,78,7.45,CZ,2021-10-04 01:12:07
19,Port Hedland,-20.3167,118.5667,80.65,22,1,5.75,AU,2021-10-04 01:12:08
20,Jatai,-17.8814,-51.7144,77.34,56,100,3.29,BR,2021-10-04 01:09:00
21,Albany,42.6001,-73.9662,61.66,94,100,2.28,US,2021-10-04 01:12:08
22,Dikson,73.5069,80.5464,35.37,98,100,22.84,RU,2021-10-04 01:12:09
23,Kangaatsiaq,68.3065,-53.4641,31.93,63,92,5.5,GL,2021-10-04 01:12:09
24,Santa Branca,-23.3967,-45.8839,65.46,94,75,3.44,BR,2021-10-04 01:12:10
25,Ampanihy,-24.7,44.75,73.67,58,100,5.26,MG,2021-10-04 01:12:10
26,Itarema,-2.9248,-39.9167,79.32,84,8,16.6,BR,2021-10-04 01:12:11
27,Kathmandu,27.7167,85.3167,68.22,94,40,3.44,NP,2021-10-04 01:08:22
28,Fortuna,40.5982,-124.1573,79.48,66,1,1.01,US,2021-10-04 01:08:55
29,Aklavik,68.2191,-135.0107,34.52,97,100,15.35,CA,2021-10-04 01:12:11
30,East London,-33.0153,27.9116,56.44,70,8,4.54,ZA,2021-10-04 01:12:12
31,Te Anau,-45.4167,167.7167,52.27,81,98,1.36,NZ,2021-10-04 01:12:12
32,Tiksi,71.6872,128.8694,26.01,82,100,17.58,RU,2021-10-04 01:12:13
33,Thoen,17.6129,99.2161,77.11,94,100,0.94,TH,2021-10-04 01:12:13
34,Bourail,-21.5667,165.4833,83.66,55,20,11.25,NC,2021-10-04 01:12:13
35,Mahebourg,-20.4081,57.7,71.26,88,75,12.66,MU,2021-10-04 01:12:14
36,Yellowknife,62.456,-114.3525,47.41,78,0,8.7,CA,2021-10-04 01:12:14
37,Mahanoro,-19.9,48.8,70.23,86,90,6.6,MG,2021-10-04 01:12:15
38,La Rioja,42.25,-2.5,42.48,85,0,5.21,ES,2021-10-04 01:12:15
39,Port Alfred,-33.5906,26.891,54.54,75,2,7.85,ZA,2021-10-04 01:12:16
40,Hermanus,-34.4187,19.2345,51.91,74,36,8.88,ZA,2021-10-04 01:12:16
41,Hambantota,6.1241,81.1185,79.72,81,100,14.65,LK,2021-10-04 01:12:17
42,Isangel,-19.55,169.2667,86.11,74,20,0.0,VU,2021-10-04 01:12:17
43,Salalah,17.0151,54.0924,80.69,83,75,3.44,OM,2021-10-04 01:12:18
44,Halifax,44.6453,-63.5724,51.69,92,99,5.82,CA,2021-10-04 01:09:14
45,Beisfjord,68.3751,17.5988,55.45,89,100,10.02,NO,2021-10-04 01:12:19
46,Takoradi,4.8845,-1.7554,76.75,91,100,5.55,GH,2021-10-04 01:12:19
47,Zhangjiakou,40.81,114.8794,52.63,45,100,8.77,CN,2021-10-04 01:12:20
48,Hamadan,34.7992,48.5146,58.5,41,0,4.52,IR,2021-10-04 01:12:20
49,Totoral,-17.4053,-70.365,59.92,43,0,0.11,PE,2021-10-04 01:12:20
50,Bethel,41.3712,-73.414,68.76,87,90,0.0,US,2021-10-04 01:09:32
51,Vila Velha,-20.3297,-40.2925,78.75,78,90,14.97,BR,2021-10-04 01:12:21
52,Ouadda,8.0777,22.4007,66.4,95,74,1.95,CF,2021-10-04 01:12:21
53,Det Udom,14.906,105.0784,79.41,78,24,1.28,TH,2021-10-04 01:12:22
54,Pingliang,35.5392,106.6861,49.23,84,100,13.53,CN,2021-10-04 01:12:22
55,Beoumi,7.6736,-5.5764,71.65,96,34,2.91,CI,2021-10-04 01:12:23
56,Hilo,19.7297,-155.09,82.13,73,40,10.36,US,2021-10-04 01:10:56
57,Biscarrosse,44.3945,-1.1672,54.75,100,75,4.61,FR,2021-10-04 01:12:23
58,Bengkulu,-3.8004,102.2655,77.38,84,97,3.09,ID,2021-10-04 01:12:24
59,Rockwall,32.9001,-96.4003,79.5,58,1,0.0,US,2021-10-04 01:10:41
60,Samarai,-10.6167,150.6667,82.24,73,100,5.77,PG,2021-10-04 01:12:24
61,Blagoyevo,63.3667,47.9167,41.63,88,100,3.96,RU,2021-10-04 01:12:25
62,Nouadhibou,20.931,-17.0347,76.33,60,14,19.28,MR,2021-10-04 01:12:25
63,Hobart,-42.8794,147.3294,62.26,80,75,1.01,AU,2021-10-04 01:12:26
64,Taoudenni,22.6783,-3.9836,92.93,10,93,7.67,ML,2021-10-04 01:12:26
65,Mandera,3.9366,41.867,78.03,65,56,13.33,KE,2021-10-04 01:12:26
66,Avarua,-21.2078,-159.775,75.25,69,75,16.11,CK,2021-10-04 01:11:21
67,Jamestown,42.097,-79.2353,67.32,98,90,5.01,US,2021-10-04 01:08:44
68,Shaowu,27.3409,117.4831,77.94,58,0,4.29,CN,2021-10-04 01:12:27
69,Ascension,30.2169,-90.9001,79.0,90,90,10.36,US,2021-10-04 01:12:27
70,Lalibela,12.0333,39.0333,56.71,69,41,4.56,ET,2021-10-04 01:12:28
71,Volosovo,59.4333,29.4833,43.36,96,0,8.25,RU,2021-10-04 01:12:28
72,Sao Filipe,14.8961,-24.4956,80.08,79,11,0.83,CV,2021-10-04 01:12:29
73,Lebu,-37.6167,-73.65,48.92,76,2,18.9,CL,2021-10-04 01:12:29
74,Carnarvon,-24.8667,113.6333,68.07,56,0,23.02,AU,2021-10-04 01:12:29
75,Butaritari,3.0707,172.7902,82.71,67,62,16.87,KI,2021-10-04 01:12:30
76,Linhares,-19.3911,-40.0722,75.16,78,14,9.26,BR,2021-10-04 01:12:30
77,Puerto Ayora,-0.7393,-90.3518,69.39,86,44,9.62,EC,2021-10-04 01:12:31
78,Carupano,10.6678,-63.2585,77.76,88,94,9.42,VE,2021-10-04 01:12:31
79,Victoria,22.2855,114.1577,87.85,75,39,1.01,HK,2021-10-04 01:09:51
80,Nizhniy Kuranakh,58.8353,125.4869,32.4,79,49,2.95,RU,2021-10-04 01:12:32
81,Ca Mau,9.1769,105.15,81.01,83,80,4.68,VN,2021-10-04 01:12:32
82,Chuy,-33.6971,-53.4616,48.74,75,100,7.72,UY,2021-10-04 01:12:32
83,Chokurdakh,70.6333,147.9167,25.27,96,100,9.24,RU,2021-10-04 01:12:33
84,Saint-Georges,12.0564,-61.7485,82.08,83,20,14.97,GD,2021-10-04 01:12:33
85,Tchollire,8.4022,14.1698,70.92,92,93,1.41,CM,2021-10-04 01:12:34
86,Baykit,61.67,96.37,34.59,92,97,1.54,RU,2021-10-04 01:12:34
87,Oranjemund,-28.55,16.4333,53.44,78,100,14.67,NA,2021-10-04 01:12:35
88,Asyut,27.181,31.1837,70.95,61,0,14.5,EG,2021-10-04 01:12:35
89,Honiara,-9.4333,159.95,82.76,82,56,2.01,SB,2021-10-04 01:12:35
90,Bilibino,68.0546,166.4372,21.79,92,95,1.92,RU,2021-10-04 01:12:36
91,Ibra,22.6906,58.5334,76.93,78,100,7.87,OM,2021-10-04 01:12:36
92,Amapa,1.0,-52.0,77.67,70,100,5.03,BR,2021-10-04 01:12:37
93,Shenjiamen,29.9576,122.298,78.76,87,41,17.49,CN,2021-10-04 01:12:37
94,Cape Town,-33.9258,18.4232,55.27,53,2,18.43,ZA,2021-10-04 01:07:53
95,Hasaki,35.7333,140.8333,81.28,72,0,12.53,JP,2021-10-04 01:12:38
96,Maldonado,-34.6667,-54.9167,56.23,66,100,4.81,UY,2021-10-04 01:12:38
97,Nushki,29.5542,66.0215,59.5,26,7,1.68,PK,2021-10-04 01:12:38
98,Bredasdorp,-34.5322,20.0403,46.65,84,3,0.65,ZA,2021-10-04 01:12:39
99,Mantua,45.1667,10.7833,67.91,87,41,5.99,IT,2021-10-04 01:12:39
100,Mar Del Plata,-38.0023,-57.5575,48.99,70,0,11.01,AR,2021-10-04 01:12:40
101,Talnakh,69.4865,88.3972,20.44,96,100,4.29,RU,2021-10-04 01:12:40
102,Torbay,47.6666,-52.7314,54.57,96,90,6.91,CA,2021-10-04 01:12:41
103,Cherskiy,68.75,161.3,22.28,95,90,4.16,RU,2021-10-04 01:12:41
104,Krasnorechenskiy,44.6265,135.3532,51.96,83,86,7.83,RU,2021-10-04 01:12:42
105,Murray Bridge,-35.1167,139.2667,58.42,50,10,28.7,AU,2021-10-04 01:12:42
106,Sinegorye,62.0788,150.477,23.81,84,100,8.88,RU,2021-10-04 01:12:42
107,Oga,46.4631,10.347,48.74,96,100,6.76,IT,2021-10-04 01:12:43
108,Kruisfontein,-34.0033,24.7314,46.89,77,2,6.58,ZA,2021-10-04 01:12:43
109,Port Elizabeth,-33.918,25.5701,49.1,80,18,8.34,ZA,2021-10-04 01:10:32
110,Cockburn Town,21.4612,-71.1419,83.26,73,100,20.92,TC,2021-10-04 01:10:48
111,Nabire,-3.3667,135.4833,82.87,71,100,3.36,ID,2021-10-04 01:12:44
112,Georgetown,5.4112,100.3354,84.88,80,20,0.0,MY,2021-10-04 01:12:44
113,Narsaq,60.9167,-46.05,39.42,65,0,3.04,GL,2021-10-04 01:12:45
114,Mayumba,-3.432,10.6554,75.42,86,100,5.68,GA,2021-10-04 01:12:45
115,Sitka,57.0531,-135.33,44.49,70,75,5.75,US,2021-10-04 01:12:46
116,Vardo,70.3705,31.1107,48.47,78,100,26.8,NO,2021-10-04 01:12:46
117,Geraldton,-28.7667,114.6,63.01,51,40,5.75,AU,2021-10-04 01:12:46
118,Urumqi,43.801,87.6005,36.55,75,0,2.24,CN,2021-10-04 01:12:47
119,Itapirapua,-15.8233,-50.6133,84.67,44,99,2.33,BR,2021-10-04 01:12:47
120,Karratha,-20.7377,116.8463,78.8,34,0,3.94,AU,2021-10-04 01:11:39
121,Maceio,-9.6658,-35.7353,74.64,94,20,3.44,BR,2021-10-04 01:12:48
122,Berlevag,70.8578,29.0864,50.0,78,100,33.73,NO,2021-10-04 01:12:48
123,Sistranda,63.7256,8.834,55.9,90,100,14.41,NO,2021-10-04 01:12:49
124,Mataura,-46.1927,168.8643,51.48,78,100,11.14,NZ,2021-10-04 01:12:49
125,Srednekolymsk,67.45,153.6833,25.97,84,100,5.61,RU,2021-10-04 01:12:50
126,Komsomolskiy,40.4272,71.7189,54.32,62,100,4.61,UZ,2021-10-04 01:12:50
127,Airai,-8.9266,125.4092,78.26,30,9,1.92,TL,2021-10-04 01:12:50
128,Port Hardy,50.6996,-127.4199,50.18,71,75,0.0,CA,2021-10-04 01:12:51
129,Vadso,70.0744,29.7487,49.08,80,100,20.94,NO,2021-10-04 01:12:51
130,Leningradskiy,69.3833,178.4167,21.15,82,35,2.21,RU,2021-10-04 01:12:52
131,Katsuura,35.1333,140.3,81.19,70,1,9.95,JP,2021-10-04 01:12:52
132,Comodoro Rivadavia,-45.8667,-67.5,53.46,43,0,21.85,AR,2021-10-04 01:08:04
133,Kahului,20.8947,-156.47,84.22,55,40,21.85,US,2021-10-04 01:08:16
134,Qaanaaq,77.484,-69.3632,27.37,94,100,5.97,GL,2021-10-04 01:12:53
135,Tuktoyaktuk,69.4541,-133.0374,33.1,87,100,21.5,CA,2021-10-04 01:12:53
136,Norman Wells,65.282,-126.8329,33.84,93,90,23.02,CA,2021-10-04 01:12:54
137,Rio Grande,-32.035,-52.0986,55.94,72,100,15.19,BR,2021-10-04 01:12:54
138,Lavrentiya,65.5833,-171.0,29.48,72,18,2.19,RU,2021-10-04 01:12:54
139,Dese,11.1333,39.6333,53.37,85,100,2.64,ET,2021-10-04 01:12:55
140,Yerbogachen,61.2767,108.0108,34.95,79,96,5.99,RU,2021-10-04 01:12:55
141,Rantepao,-2.9701,119.8978,76.33,73,100,1.83,ID,2021-10-04 01:12:56
142,Provideniya,64.3833,-173.3,35.71,75,90,13.42,RU,2021-10-04 01:12:56
143,Lakes Entrance,-37.8811,147.981,69.57,64,8,5.75,AU,2021-10-04 01:12:56
144,Nikolskoye,59.7035,30.7861,45.88,94,0,7.61,RU,2021-10-04 01:12:57
145,Saltpond,5.2091,-1.0606,77.16,91,100,7.27,GH,2021-10-04 01:12:57
146,Lompoc,34.6391,-120.4579,87.94,78,1,8.05,US,2021-10-04 01:12:58
147,Sangar,63.9242,127.4739,34.39,62,79,8.61,RU,2021-10-04 01:12:58
148,La Asuncion,11.0333,-63.8628,80.46,82,7,18.9,VE,2021-10-04 01:12:58
149,Lorengau,-2.0226,147.2712,85.64,64,100,6.62,PG,2021-10-04 01:12:59
150,Harrisburg,40.2737,-76.8844,74.08,84,90,1.01,US,2021-10-04 01:12:59
151,Gashua,12.871,11.0482,84.96,22,0,6.51,NG,2021-10-04 01:13:00
152,Half Moon Bay,37.4636,-122.4286,91.42,48,1,0.0,US,2021-10-04 01:13:00
153,Maningrida,-12.0667,134.2667,88.88,57,50,8.03,AU,2021-10-04 01:13:00
154,Yar-Sale,66.8333,70.8333,31.77,77,100,9.91,RU,2021-10-04 01:13:01
155,Mana,5.6592,-53.7767,80.13,81,3,10.31,GF,2021-10-04 01:13:01
156,Kavieng,-2.5744,150.7967,83.84,68,100,2.98,PG,2021-10-04 01:13:02
157,San Patricio,28.017,-97.5169,81.84,72,100,5.03,US,2021-10-04 01:13:02
158,Ribeira Grande,38.5167,-28.7,71.6,89,22,7.29,PT,2021-10-04 01:13:02
159,Stranda,62.3096,6.9358,58.59,80,28,8.55,NO,2021-10-04 01:13:03
160,Aksarka,66.5606,67.7975,29.3,80,100,11.9,RU,2021-10-04 01:13:03
161,Minot,48.2325,-101.2963,72.12,28,1,3.0,US,2021-10-04 01:11:05
162,Shulan,44.4167,126.95,45.54,78,100,5.82,CN,2021-10-04 01:13:04
163,Macusani,-14.0833,-70.4333,41.68,75,100,4.63,PE,2021-10-04 01:13:04
164,Laguna,38.421,-121.4238,89.46,26,1,1.01,US,2021-10-04 01:13:05
165,Zirandaro,18.45,-100.9833,79.81,79,90,1.74,MX,2021-10-04 01:13:05
166,Ahipara,-35.1667,173.1667,64.94,84,20,8.84,NZ,2021-10-04 01:13:06
167,Vila Franca Do Campo,37.7167,-25.4333,73.2,90,73,4.38,PT,2021-10-04 01:13:06
168,Junction City,39.0286,-96.8314,71.82,44,1,0.0,US,2021-10-04 01:12:18
169,Sorkjosen,69.8,20.9333,53.13,74,100,22.7,NO,2021-10-04 01:13:07
170,Kutum,14.2,24.6667,75.76,30,45,9.55,SD,2021-10-04 01:13:07
171,Matara,5.9485,80.5353,77.68,87,100,6.58,LK,2021-10-04 01:13:08
172,Raudeberg,61.9875,5.1352,55.2,84,100,34.16,NO,2021-10-04 01:13:08
173,Castro,-24.7911,-50.0119,62.04,98,100,3.85,BR,2021-10-04 01:13:09
174,Saskylakh,71.9167,114.0833,20.05,91,100,13.18,RU,2021-10-04 01:13:09
175,Sibolga,1.7427,98.7792,79.84,72,100,1.99,ID,2021-10-04 01:13:09
176,Vostok,46.4856,135.8833,41.76,96,100,3.69,RU,2021-10-04 01:13:10
177,Svetlogorsk,52.6333,29.7333,42.08,76,4,6.93,BY,2021-10-04 01:13:10
178,Marawi,7.9986,124.2928,72.64,92,100,3.76,PH,2021-10-04 01:13:11
179,Faanui,-16.4833,-151.75,79.09,70,8,9.4,PF,2021-10-04 01:13:11
180,Arraial Do Cabo,-22.9661,-42.0278,71.06,98,100,7.54,BR,2021-10-04 01:13:12
181,Boca Do Acre,-8.7522,-67.3978,74.8,87,66,1.97,BR,2021-10-04 01:13:12
182,Husavik,66.0449,-17.3389,40.84,98,100,24.34,IS,2021-10-04 01:13:13
183,Constitucion,-35.3333,-72.4167,50.86,79,0,11.36,CL,2021-10-04 01:10:56
184,Palmer,42.1584,-72.3287,65.03,84,90,3.44,US,2021-10-04 01:13:13
185,Shimoda,34.6667,138.95,80.1,67,8,4.83,JP,2021-10-04 01:13:14
186,Vaux-Sur-Sure,49.9115,5.5744,50.68,97,100,5.44,BE,2021-10-04 01:13:14
187,Marsa Matruh,31.3525,27.2453,70.54,66,5,7.11,EG,2021-10-04 01:13:14
188,Thinadhoo,0.5333,72.9333,83.55,74,6,17.13,MV,2021-10-04 01:13:15
189,Sao Jose Da Coroa Grande,-8.8978,-35.1478,75.96,83,8,10.2,BR,2021-10-04 01:13:15
190,Kochubey,44.3861,46.5825,58.59,71,100,21.25,RU,2021-10-04 01:13:16
191,Bageshwar,29.85,79.7667,63.55,90,15,2.17,IN,2021-10-04 01:13:03
192,Esperance,-33.8667,121.9,58.84,51,0,13.53,AU,2021-10-04 01:13:16
193,Quime,-16.9833,-67.2167,54.25,88,83,5.21,BO,2021-10-04 01:13:17
194,Pevek,69.7008,170.3133,25.95,93,100,3.44,RU,2021-10-04 01:13:18
195,Denpasar,-8.65,115.2167,80.26,78,40,2.3,ID,2021-10-04 01:10:05
196,Jalu,29.0331,21.5482,70.48,45,0,8.21,LY,2021-10-04 01:13:18
197,Ancud,-41.8697,-73.8203,45.93,83,58,5.61,CL,2021-10-04 01:13:19
198,Along,28.1667,94.7667,71.31,98,98,0.29,IN,2021-10-04 01:13:19
199,Vestmanna,62.1564,-7.1664,47.32,93,75,23.02,FO,2021-10-04 01:13:19
200,Montes Claros,-16.735,-43.8617,83.84,28,99,8.01,BR,2021-10-04 01:13:20
201,Porto Santo,33.072,-16.3415,74.3,83,40,5.75,PT,2021-10-04 01:13:20
202,Bo Rai,12.5728,102.5371,81.86,86,51,2.13,TH,2021-10-04 01:13:21
203,Cozumel,20.5083,-86.9458,82.99,82,20,3.0,MX,2021-10-04 01:13:21
204,Souillac,-20.5167,57.5167,71.37,88,75,12.66,MU,2021-10-04 01:13:22
205,Pital,2.2665,-75.8044,70.27,85,100,5.08,CO,2021-10-04 01:13:22
206,Yumen,40.2833,97.2,42.76,38,100,11.14,CN,2021-10-04 01:13:23
207,Kalulushi,-12.8378,28.0919,68.11,75,100,4.43,ZM,2021-10-04 01:13:23
208,Mercedes,-34.6515,-59.4307,52.52,64,5,0.85,AR,2021-10-04 01:13:24
209,Vorukh,39.8494,70.5838,47.86,73,40,0.34,TJ,2021-10-04 01:13:24
210,Aden,12.7794,45.0367,86.58,71,45,7.85,YE,2021-10-04 01:10:56
211,Yangjiang,21.85,111.9667,81.84,79,52,9.13,CN,2021-10-04 01:13:24
212,Tadine,-21.55,167.8833,77.85,79,69,1.45,NC,2021-10-04 01:13:25
213,Prince Rupert,54.3161,-130.3201,45.27,82,100,5.44,CA,2021-10-04 01:13:26
214,Susuman,62.7833,148.1667,27.23,59,96,7.7,RU,2021-10-04 01:13:26
215,Garissa,-0.4536,39.6401,73.99,81,52,12.33,KE,2021-10-04 01:13:26
216,Paamiut,61.994,-49.6678,38.53,65,8,6.67,GL,2021-10-04 01:13:27
217,Ponta Delgada,37.7333,-25.6667,73.51,94,75,4.61,PT,2021-10-04 01:13:27
218,Port Keats,-14.25,129.55,89.76,45,5,9.26,AU,2021-10-04 01:13:28
219,Talcahuano,-36.7167,-73.1167,49.68,81,0,12.66,CL,2021-10-04 01:13:28
220,Yermakovskoye,53.2831,92.4003,31.62,64,100,3.06,RU,2021-10-04 01:13:28
221,Kastaneai,41.65,26.4667,52.93,90,0,5.73,GR,2021-10-04 01:13:29
222,Moche,-8.1711,-79.0092,60.98,88,40,11.5,PE,2021-10-04 01:13:29
223,Bharatpur,27.2167,77.4833,85.19,63,99,3.53,IN,2021-10-04 01:13:30
224,Ketchikan,55.3422,-131.6461,40.98,79,46,7.47,US,2021-10-04 01:13:30
225,San Quintin,30.4833,-115.95,75.47,54,100,7.05,MX,2021-10-04 01:13:31
226,Belyy Yar,53.6039,91.3903,26.49,93,0,4.47,RU,2021-10-04 01:13:31
227,Ilulissat,69.2167,-51.1,28.42,64,63,3.44,GL,2021-10-04 01:13:31
228,Iqaluit,63.7506,-68.5145,32.7,74,37,6.85,CA,2021-10-04 01:13:32
229,Lagoa,39.05,-27.9833,70.45,92,21,12.08,PT,2021-10-04 01:13:32
230,Brandon,27.9378,-82.2859,81.01,75,1,1.99,US,2021-10-04 01:13:33
231,Coahuayana,18.7333,-103.6833,80.08,80,100,1.41,MX,2021-10-04 01:13:33
232,Dingle,10.9995,122.6711,75.15,98,100,5.93,PH,2021-10-04 01:13:34
233,Suleya,55.1352,58.8792,26.02,90,12,2.26,RU,2021-10-04 01:13:34
234,Coihaique,-45.5752,-72.0662,42.75,81,75,2.3,CL,2021-10-04 01:13:34
235,Tuatapere,-46.1333,167.6833,51.82,83,100,5.39,NZ,2021-10-04 01:13:35
236,Sicamous,50.8331,-118.9856,67.28,51,98,0.29,CA,2021-10-04 01:13:35
237,Sabang,5.8933,95.3214,81.64,73,24,14.9,ID,2021-10-04 01:13:36
238,Saint-Joseph,-21.3667,55.6167,68.38,81,29,7.52,RE,2021-10-04 01:13:36
239,Lubango,-14.9172,13.4925,60.21,31,15,5.37,AO,2021-10-04 01:13:36
240,Ilebo,-4.3167,20.5833,67.73,93,43,0.76,CD,2021-10-04 01:13:37
241,Thompson,55.7435,-97.8558,53.73,63,0,5.64,CA,2021-10-04 01:13:37
242,Moron,-34.6534,-58.6198,56.98,51,0,2.46,AR,2021-10-04 01:13:38
243,Nanortalik,60.1432,-45.2371,38.19,84,0,4.14,GL,2021-10-04 01:13:38
244,Ahuimanu,21.4447,-157.8378,87.51,64,20,9.22,US,2021-10-04 01:13:39
245,Caramay,10.1815,119.236,78.04,87,100,3.71,PH,2021-10-04 01:13:39
246,Bud,39.447,-86.1758,67.91,88,1,6.35,US,2021-10-04 01:13:39
247,Mocuba,-16.8392,36.9856,78.49,49,0,4.9,MZ,2021-10-04 01:13:40
248,Puerto Escondido,15.85,-97.0667,83.23,65,75,4.61,MX,2021-10-04 01:13:40
249,Dalvik,65.9702,-18.5286,39.56,99,100,19.19,IS,2021-10-04 01:13:41
250,Tosya,41.0155,34.0401,45.28,83,0,2.51,TR,2021-10-04 01:13:41
251,West Wendover,40.7391,-114.0733,70.81,16,1,0.0,US,2021-10-04 01:13:42
252,Yeppoon,-23.1333,150.7333,87.58,54,0,7.31,AU,2021-10-04 01:13:42
253,Mount Gambier,-37.8333,140.7667,55.31,71,75,23.02,AU,2021-10-04 01:13:43
254,Beloomut,54.9448,39.3394,38.64,90,100,3.6,RU,2021-10-04 01:13:43
255,The Valley,18.217,-63.0578,84.09,71,6,21.47,AI,2021-10-04 01:13:43
256,Bambous Virieux,-20.3428,57.7575,71.22,88,75,12.66,MU,2021-10-04 01:13:44
257,Deputatskiy,69.3,139.9,19.26,84,29,5.93,RU,2021-10-04 01:13:44
258,Poum,-20.2333,164.0167,74.62,86,5,10.25,NC,2021-10-04 01:13:45
259,Longyearbyen,78.2186,15.6401,37.24,93,75,4.61,SJ,2021-10-04 01:13:45
260,Mitzic,0.7821,11.549,67.75,99,100,2.75,GA,2021-10-04 01:13:46
261,Ozd,48.2167,20.3,50.45,64,0,2.15,HU,2021-10-04 01:13:46
262,Hithadhoo,-0.6,73.0833,83.44,75,14,17.45,MV,2021-10-04 01:13:46
263,Chambas,22.1928,-78.9136,82.02,86,0,4.85,CU,2021-10-04 01:13:47
264,Henties Bay,-22.116,14.2845,51.85,90,0,5.61,NA,2021-10-04 01:13:47
265,Saint-Augustin,51.226,-58.6502,41.99,89,100,5.17,CA,2021-10-04 01:13:48
266,Xining,36.6167,101.7667,39.15,94,100,2.89,CN,2021-10-04 01:13:48
267,Newport,51.5877,-2.9984,53.78,91,90,11.99,GB,2021-10-04 01:13:49
268,Tessalit,20.1986,1.0114,84.29,14,94,11.77,ML,2021-10-04 01:13:49
269,Oistins,13.0667,-59.5333,84.29,70,20,19.57,BB,2021-10-04 01:13:50
270,Batagay,67.6333,134.6333,26.78,81,51,2.01,RU,2021-10-04 01:13:50
271,Hamilton,39.1834,-84.5333,69.37,91,90,1.01,US,2021-10-04 01:13:51
272,Vitre,48.1178,-1.2058,49.08,95,10,8.84,FR,2021-10-04 01:13:51
273,Araripe,-7.2125,-40.0461,72.32,35,3,4.68,BR,2021-10-04 01:13:52
274,Rocha,-34.4833,-54.3333,45.91,76,100,4.41,UY,2021-10-04 01:12:26
275,Upernavik,72.7868,-56.1549,30.76,81,90,3.22,GL,2021-10-04 01:13:52
276,Tshikapa,-6.4167,20.8,70.75,95,100,1.83,CD,2021-10-04 01:13:53
277,Kaitangata,-46.2817,169.8464,50.94,80,100,16.37,NZ,2021-10-04 01:13:53
278,Dryden,49.7833,-92.7503,55.49,78,11,4.72,CA,2021-10-04 01:13:41
279,Tilichiki,60.4667,166.1,37.81,95,100,23.69,RU,2021-10-04 01:13:54
280,Esil,51.9556,66.4042,31.24,84,56,11.27,KZ,2021-10-04 01:13:54
281,Kurilsk,45.2333,147.8833,60.75,84,100,21.43,RU,2021-10-04 01:13:54
282,Harper,4.375,-7.7169,77.63,89,92,6.96,LR,2021-10-04 01:13:55
283,Kakrala,27.9,79.2,80.08,77,8,1.68,IN,2021-10-04 01:13:55
284,Neiafu,-18.65,-173.9833,81.28,83,40,9.22,TO,2021-10-04 01:13:56
285,Yerofey Pavlovich,53.9667,121.9667,40.19,48,4,2.35,RU,2021-10-04 01:13:56
286,Mahajanga,-15.7167,46.3167,68.02,88,20,2.3,MG,2021-10-04 01:13:56
287,Kautokeino,69.0125,23.0412,44.69,92,100,31.21,NO,2021-10-04 01:13:57
288,Tasiilaq,65.6145,-37.6368,33.96,58,5,4.79,GL,2021-10-04 01:13:57
289,Bushenyi,-0.5853,30.2114,58.96,93,99,0.31,UG,2021-10-04 01:13:58
290,Kindu,-2.95,25.95,66.63,99,64,1.39,CD,2021-10-04 01:13:58
291,Zelenogorskiy,55.0333,87.0,32.52,98,100,2.62,RU,2021-10-04 01:13:58
292,Agropoli,40.3469,14.9966,69.28,69,0,5.06,IT,2021-10-04 01:13:59
293,Cidreira,-30.1811,-50.2056,62.55,89,100,14.99,BR,2021-10-04 01:11:17
294,Champerico,14.3,-91.9167,82.35,76,24,3.49,GT,2021-10-04 01:13:59
295,Soyo,-6.1349,12.3689,74.43,83,96,6.33,AO,2021-10-04 01:14:00
296,Trat,12.5,102.5,81.99,85,40,2.62,TH,2021-10-04 01:14:00
297,Porto Walter,-8.2686,-72.7439,78.3,75,100,2.73,BR,2021-10-04 01:14:00
298,Iquique,-20.2208,-70.1431,60.84,77,61,2.44,CL,2021-10-04 01:12:19
299,Hurghada,27.2574,33.8129,75.22,63,0,19.8,EG,2021-10-04 01:14:01
300,Toppenish,46.3774,-120.3087,75.72,39,53,5.77,US,2021-10-04 01:14:01
301,Saint George,37.1041,-113.5841,82.35,22,1,5.01,US,2021-10-04 01:14:02
302,Khatanga,71.9667,102.5,22.23,91,100,14.63,RU,2021-10-04 01:14:02
303,Panama City,8.9936,-79.5197,82.38,80,20,5.75,PA,2021-10-04 01:13:31
304,Villa Carlos Paz,-31.4241,-64.4978,58.39,41,0,1.99,AR,2021-10-04 01:14:03
305,Alexandria,31.2156,29.9553,72.77,66,0,11.83,EG,2021-10-04 01:09:04
306,Arman,59.7,150.1667,39.54,52,100,17.09,RU,2021-10-04 01:14:03
307,Mutare,-18.9707,32.6709,63.52,92,65,4.12,ZW,2021-10-04 01:14:04
308,Klaksvik,62.2266,-6.589,49.12,82,85,21.03,FO,2021-10-04 01:14:04
309,Novikovo,51.1537,37.8879,46.54,74,58,6.53,RU,2021-10-04 01:14:04
310,Ciudad Bolivar,8.1222,-63.5497,79.83,74,82,11.07,VE,2021-10-04 01:14:05
311,Talara,-4.5772,-81.2719,64.13,86,75,17.34,PE,2021-10-04 01:14:05
312,Namie,37.4833,141.0,80.96,62,3,3.27,JP,2021-10-04 01:14:06
313,Meadow Lake,34.8014,-106.5436,71.53,36,0,0.96,US,2021-10-04 01:14:06
314,Muisne,0.6,-80.0333,75.06,82,100,7.63,EC,2021-10-04 01:14:06
315,Wairoa,-39.0333,177.3667,64.54,82,100,5.01,NZ,2021-10-04 01:14:07
316,Beyneu,45.3167,55.2,49.48,42,61,9.24,KZ,2021-10-04 01:14:07
317,Russell,32.3502,-85.1999,73.06,82,90,3.44,US,2021-10-04 01:14:08
318,Saldanha,-33.0117,17.9442,54.52,69,0,22.17,ZA,2021-10-04 01:14:08
319,Am Timan,11.0297,20.2827,73.4,85,91,4.14,TD,2021-10-04 01:14:08
320,Port Macquarie,-31.4333,152.9167,88.9,40,0,7.0,AU,2021-10-04 01:14:09
321,Necochea,-38.5473,-58.7368,43.79,75,0,6.82,AR,2021-10-04 01:14:09
322,Joshimath,30.5667,79.5667,61.7,83,19,2.04,IN,2021-10-04 01:14:09
323,Grindavik,63.8424,-22.4338,43.27,87,0,18.41,IS,2021-10-04 01:14:10
324,Solano,38.2333,-121.9511,91.89,28,1,4.61,US,2021-10-04 01:14:10
325,Aykhal,66.0,111.5,27.82,83,96,4.16,RU,2021-10-04 01:14:11
326,Caravelas,-17.7125,-39.2481,76.17,78,6,13.29,BR,2021-10-04 01:14:11
327,Dubbo,-32.25,148.6167,64.53,55,75,13.8,AU,2021-10-04 01:10:29
328,Simcoe,42.8334,-80.2997,67.73,90,100,5.21,CA,2021-10-04 01:13:05
329,Larsnes,62.2028,5.5773,58.82,76,99,14.34,NO,2021-10-04 01:14:12
330,New Norfolk,-42.7826,147.0587,61.92,71,87,1.99,AU,2021-10-04 01:14:12
331,La Spezia,44.1105,9.8434,70.07,75,99,7.81,IT,2021-10-04 01:14:13
332,Solnechnyy,50.7214,136.6319,45.39,44,4,5.59,RU,2021-10-04 01:14:13
333,Port Lincoln,-34.7333,135.8667,56.43,67,74,29.12,AU,2021-10-04 01:14:14
334,Padang,-0.9492,100.3543,77.05,82,100,1.32,ID,2021-10-04 01:14:14
335,Noumea,-22.2763,166.4572,85.98,81,37,10.58,NC,2021-10-04 01:14:14
336,Moranbah,-22.0016,148.0466,93.72,26,0,15.35,AU,2021-10-04 01:14:15
337,Colombo,6.9319,79.8478,78.42,85,89,6.06,LK,2021-10-04 01:14:09
338,Great Yarmouth,52.6083,1.7305,52.23,89,0,15.68,GB,2021-10-04 01:14:15
339,Lucapa,-8.4192,20.7447,67.17,90,72,3.51,AO,2021-10-04 01:14:16
340,Quixada,-4.9714,-39.0153,77.16,77,0,9.08,BR,2021-10-04 01:14:16
341,Cooma,-36.2333,149.1333,62.37,36,18,19.57,AU,2021-10-04 01:14:17
342,Guanica,17.9716,-66.908,83.01,76,79,5.01,PR,2021-10-04 01:14:17
343,Verkhoturye,58.8627,60.8054,24.6,95,12,4.52,RU,2021-10-04 01:14:18
344,Beachwood,41.4645,-81.5087,69.75,90,40,1.99,US,2021-10-04 01:14:18
345,Biltine,14.5333,20.9167,85.05,33,100,5.17,TD,2021-10-04 01:14:18
346,Buraydah,26.326,43.975,77.76,15,6,4.97,SA,2021-10-04 01:14:19
347,Nerchinskiy Zavod,51.3088,119.61,40.6,53,98,1.3,RU,2021-10-04 01:14:19
348,Asau,46.4333,26.4,44.76,90,0,2.71,RO,2021-10-04 01:14:20
349,Lokosovo,61.1333,74.8167,26.22,95,22,6.82,RU,2021-10-04 01:14:20
350,Makakilo City,21.3469,-158.0858,86.32,56,40,11.5,US,2021-10-04 01:14:20
351,Eureka,40.8021,-124.1637,64.2,79,14,4.0,US,2021-10-04 01:14:21
352,Roma,43.2128,-75.4557,65.12,96,90,5.75,US,2021-10-04 01:14:21
353,Pochutla,15.7432,-96.4661,82.22,88,99,3.06,MX,2021-10-04 01:14:22
354,Mago,53.2514,140.1822,47.32,51,28,12.28,RU,2021-10-04 01:14:22
355,Sur,22.5667,59.5289,81.99,77,99,15.12,OM,2021-10-04 01:14:22
356,Mayo,38.8876,-76.5119,77.13,91,1,1.01,US,2021-10-04 01:14:23
357,Nome,64.5011,-165.4064,35.17,60,75,5.75,US,2021-10-04 01:14:23
358,Barcelos,41.5388,-8.6151,55.92,75,100,1.88,PT,2021-10-04 01:14:24
359,Sao Joao Da Barra,-21.6403,-41.0511,74.23,88,76,20.07,BR,2021-10-04 01:14:24
360,Eufaula,31.8913,-85.1455,73.8,89,90,3.44,US,2021-10-04 01:14:25
361,Kabalo,-6.05,26.9167,70.61,87,100,2.13,CD,2021-10-04 01:14:25
362,Sao Francisco De Paula,-29.4481,-50.5836,53.28,99,100,4.43,BR,2021-10-04 01:14:25
363,Santarem,-2.4431,-54.7083,84.33,84,0,8.05,BR,2021-10-04 01:14:03
364,Santa Maria Del Oro,25.9333,-105.3667,62.1,75,100,3.8,MX,2021-10-04 01:14:26
365,Galesong,-5.3166,119.3661,82.42,64,96,7.45,ID,2021-10-04 01:14:26
366,Diemen,52.3416,4.9681,57.07,87,0,5.01,NL,2021-10-04 01:14:28
367,Pemba,-12.974,40.5178,75.79,75,54,11.88,MZ,2021-10-04 01:14:28
368,Ukiah,39.1502,-123.2078,91.29,16,1,0.0,US,2021-10-04 01:14:28
369,Morant Bay,17.8815,-76.4093,78.42,82,62,8.39,JM,2021-10-04 01:14:29
370,Tarancon,40.0085,-3.0073,49.89,72,0,5.03,ES,2021-10-04 01:14:29
371,Pontypool,51.7011,-3.0444,52.0,92,98,8.66,GB,2021-10-04 01:14:30
372,Charleston,32.7766,-79.9309,75.0,93,40,1.01,US,2021-10-04 01:12:47
373,Floresta,-8.6011,-38.5686,78.31,60,5,18.72,BR,2021-10-04 01:14:30
374,Kahramanmaras,38.0,37.0,56.03,73,0,8.21,TR,2021-10-04 01:14:31
375,Ponta Do Sol,32.6667,-17.1,75.0,79,100,6.42,PT,2021-10-04 01:14:31
376,Severodvinsk,64.5635,39.8302,42.91,93,6,9.37,RU,2021-10-04 01:14:32
377,Mogadishu,2.0371,45.3438,78.01,83,43,11.92,SO,2021-10-04 01:14:32
378,Quatre Cocos,-20.2078,57.7625,71.1,82,87,15.57,MU,2021-10-04 01:14:33
379,Toora-Khem,52.4675,96.11,24.82,75,15,1.79,RU,2021-10-04 01:14:33
380,Zhuhai,22.2769,113.5678,87.58,79,20,11.5,CN,2021-10-04 01:14:33
381,Ingham,42.6,-84.3833,68.18,96,75,4.61,US,2021-10-04 01:14:34
382,Bambanglipuro,-7.95,110.2833,65.61,66,17,5.48,ID,2021-10-04 01:14:34
383,Brae,60.3964,-1.353,53.51,80,100,34.9,GB,2021-10-04 01:14:35
384,Vila,42.0304,-8.1588,50.94,92,100,2.73,PT,2021-10-04 01:14:35
385,Adrar,20.5022,-10.0711,89.55,11,27,8.59,MR,2021-10-04 01:14:35
386,Mehamn,71.0357,27.8492,49.95,76,75,25.32,NO,2021-10-04 01:14:36
387,Kanye,-24.9667,25.3327,52.66,20,0,4.54,BW,2021-10-04 01:14:36
388,Seymchan,62.8833,152.4333,30.36,61,100,17.49,RU,2021-10-04 01:14:37
389,Nizwa,22.9333,57.5333,75.42,87,100,14.16,OM,2021-10-04 01:14:37
390,Mayskiy,47.6931,40.1025,49.41,47,100,11.3,RU,2021-10-04 01:14:37
391,Katherine,-14.4667,132.2667,89.92,51,4,11.5,AU,2021-10-04 01:14:38
392,Teguldet,57.3064,88.1667,32.49,97,100,2.82,RU,2021-10-04 01:14:38
393,Lianzhou,24.7811,112.3825,83.5,72,0,1.99,CN,2021-10-04 01:14:38
394,Astana,51.1801,71.446,33.75,86,75,15.66,KZ,2021-10-04 01:14:39
395,Thabazimbi,-24.5917,27.4116,60.69,69,0,5.19,ZA,2021-10-04 01:14:39
396,Capao Da Canoa,-29.7456,-50.0097,62.91,93,100,14.47,BR,2021-10-04 01:14:40
397,Bubaque,11.2833,-15.8333,82.2,74,100,6.13,GW,2021-10-04 01:14:40
398,Tucupita,9.0622,-62.051,73.96,98,98,3.44,VE,2021-10-04 01:14:41
399,Havelock,34.8791,-76.9013,75.94,76,100,7.47,US,2021-10-04 01:14:41
400,Mahibadhoo,3.7833,72.9667,82.69,77,15,16.55,MV,2021-10-04 01:14:41
401,Atasu,48.6814,71.6433,39.25,76,100,7.09,KZ,2021-10-04 01:14:42
402,Viedma,-40.8135,-62.9967,48.88,38,4,6.44,AR,2021-10-04 01:14:42
403,Mersing,2.4312,103.8405,81.14,75,98,3.02,MY,2021-10-04 01:14:42
404,Havre,49.5833,0.3333,50.4,90,0,12.01,FR,2021-10-04 01:14:43
405,Margate,51.3813,1.3862,54.3,85,2,1.01,GB,2021-10-04 01:14:43
406,Chiredzi,-21.05,31.6667,65.8,85,100,9.4,ZW,2021-10-04 01:14:44
407,Port-Gentil,-0.7193,8.7815,77.31,85,100,12.86,GA,2021-10-04 01:14:44
408,Severo-Kurilsk,50.6789,156.125,48.22,77,100,26.17,RU,2021-10-04 01:14:44
409,Nata,8.3333,-80.5167,78.46,89,100,1.3,PA,2021-10-04 01:14:45
410,Corinto,37.9407,22.9573,62.76,67,100,3.71,GR,2021-10-04 01:14:45
411,Hobyo,5.3505,48.5268,78.15,88,100,16.73,SO,2021-10-04 01:14:46
412,Umm Lajj,25.0213,37.2685,79.83,58,19,11.97,SA,2021-10-04 01:14:46
413,Codrington,-38.2667,141.9667,53.35,76,100,22.06,AU,2021-10-04 01:14:46
414,Lata,40.1629,-8.3327,54.81,82,100,0.96,PT,2021-10-04 01:14:47
415,La Crosse,43.8014,-91.2396,66.13,86,90,5.99,US,2021-10-04 01:14:47
416,Alofi,-19.0595,-169.9187,76.46,79,48,24.92,NU,2021-10-04 01:14:48
417,Matadi,-5.8167,13.45,75.31,81,98,4.63,CD,2021-10-04 01:14:48
418,Marzuq,14.4,46.4667,72.23,69,91,1.66,YE,2021-10-04 01:14:49
419,La Plata,-34.9215,-57.9545,57.0,62,1,4.27,AR,2021-10-04 01:13:00
420,Talakan,50.3167,130.3667,43.68,58,4,7.54,RU,2021-10-04 01:14:49
421,Tanggu,39.0211,117.6469,66.16,60,100,15.55,CN,2021-10-04 01:14:50
422,Petropavlovsk-Kamchatskiy,53.0452,158.6483,54.19,47,40,20.13,RU,2021-10-04 01:14:50
423,Garhi Khairo,28.0606,67.9803,83.64,57,7,3.31,PK,2021-10-04 01:14:51
424,Richards Bay,-28.783,32.0377,58.17,84,100,5.21,ZA,2021-10-04 01:14:51
425,Oranjestad,12.524,-70.027,84.15,74,20,25.32,AW,2021-10-04 01:14:33
426,Palaiokhorion,40.95,24.1833,61.57,68,7,3.83,GR,2021-10-04 01:14:51
427,Sergeyevka,53.88,67.4158,29.66,90,96,10.25,KZ,2021-10-04 01:14:52
428,Manado,1.487,124.8455,88.57,58,20,1.14,ID,2021-10-04 01:14:52
429,Hirara,24.8,125.2833,82.94,72,20,22.88,JP,2021-10-04 01:14:53
430,Coquimbo,-29.9533,-71.3436,53.33,82,0,1.14,CL,2021-10-04 01:14:53
431,Saint-Paul,-21.0096,55.2707,69.91,76,5,4.32,RE,2021-10-04 01:14:53
432,Mendeleyevsk,55.9082,52.2905,34.84,73,11,5.75,RU,2021-10-04 01:14:54
433,Pictou,45.6834,-62.7153,52.59,80,100,10.47,CA,2021-10-04 01:14:54
434,Kazachinskoye,57.6953,93.2761,29.43,89,50,2.28,RU,2021-10-04 01:14:55
435,Fairbanks,64.8378,-147.7164,34.3,94,90,1.01,US,2021-10-04 01:12:29
436,Victor Harbor,-35.5667,138.6167,59.0,66,29,4.0,AU,2021-10-04 01:14:56
437,Port Blair,11.6667,92.75,81.81,78,49,7.85,IN,2021-10-04 01:14:56
438,Torrington,41.8007,-73.1212,66.6,93,100,2.55,US,2021-10-04 01:11:14
439,Ambikapur,23.1167,83.2,73.17,87,4,2.59,IN,2021-10-04 01:14:57
440,Ambovombe,-25.1667,46.0833,70.29,78,5,4.81,MG,2021-10-04 01:14:57
441,Agapovka,53.2973,59.1348,33.01,83,46,5.57,RU,2021-10-04 01:14:58
442,Tchaourou,8.8865,2.5975,71.28,95,100,4.29,BJ,2021-10-04 01:14:58
443,Chapais,49.7834,-74.8492,41.92,72,0,5.28,CA,2021-10-04 01:14:59
444,Sept-Iles,50.2001,-66.3821,45.05,82,86,1.01,CA,2021-10-04 01:14:59
445,Clyde River,70.4692,-68.5914,35.67,85,100,3.22,CA,2021-10-04 01:15:00
446,Zhigansk,66.7697,123.3711,29.12,76,100,5.61,RU,2021-10-04 01:15:00
447,Pringsewu,-5.3582,104.9744,79.75,79,99,4.68,ID,2021-10-04 01:15:01
448,Dorogobuzh,54.915,33.2972,43.74,88,100,3.94,RU,2021-10-04 01:15:01
449,Monkey Bay,-14.0728,34.9201,79.16,62,0,0.81,MW,2021-10-04 01:15:02
450,Benguela,-12.5763,13.4055,71.11,81,100,3.42,AO,2021-10-04 01:15:02
451,Sinnamary,5.3833,-52.95,79.79,82,7,11.9,GF,2021-10-04 01:15:03
452,Krasnyy Chikoy,50.3643,108.7512,34.61,85,100,3.69,RU,2021-10-04 01:15:03
453,Palu,-0.8917,119.8707,77.97,93,100,1.61,ID,2021-10-04 01:15:04
454,Fort-Shevchenko,44.5086,50.263,57.18,35,100,19.46,KZ,2021-10-04 01:15:04
455,Taltal,-25.4,-70.4833,61.54,64,0,6.04,CL,2021-10-04 01:15:05
456,Puerto Del Rosario,28.5004,-13.8627,71.35,78,18,12.66,ES,2021-10-04 01:15:05
457,Kapoeta,4.7717,33.5903,73.92,77,82,3.96,SS,2021-10-04 01:15:06
458,Usinsk,65.9939,57.5281,30.85,83,95,11.32,RU,2021-10-04 01:15:06
459,Singaraja,-8.112,115.0882,79.97,69,100,4.52,ID,2021-10-04 01:15:07
460,Hofn,64.2539,-15.2082,47.66,73,100,19.57,IS,2021-10-04 01:15:07
461,Flinders,-34.5833,150.8552,79.18,52,0,8.99,AU,2021-10-04 01:15:07
462,Havoysund,70.9963,24.6622,50.88,72,100,30.56,NO,2021-10-04 01:15:08
463,Atar,20.5169,-13.0499,90.84,10,19,7.25,MR,2021-10-04 01:15:08
464,Agirish,61.9247,63.0231,27.18,81,17,3.4,RU,2021-10-04 01:15:09
465,Nelson Bay,-32.7167,152.15,84.29,41,0,15.79,AU,2021-10-04 01:15:09
466,Luderitz,-26.6481,15.1594,56.89,57,28,16.73,NA,2021-10-04 01:15:10
467,Chavakkad,10.5333,76.05,78.17,91,100,3.51,IN,2021-10-04 01:15:10
468,Gibara,21.1097,-76.1317,76.32,83,71,8.9,CU,2021-10-04 01:15:10
469,Tommot,58.9564,126.2925,33.37,70,20,3.78,RU,2021-10-04 01:15:11
470,Iskateley,67.6803,53.1512,40.78,93,100,11.7,RU,2021-10-04 01:15:11
471,Auki,-8.7676,160.7034,82.69,78,48,1.83,SB,2021-10-04 01:15:12
472,Tambopata,-12.7333,-69.1833,82.54,57,75,1.01,PE,2021-10-04 01:15:12
473,Rognan,67.0953,15.3878,59.14,84,100,11.07,NO,2021-10-04 01:15:13
474,Plettenberg Bay,-34.0527,23.3716,50.02,85,19,7.96,ZA,2021-10-04 01:15:13
475,Catalina,32.5056,-110.9211,87.66,31,36,5.44,US,2021-10-04 01:15:13
476,Grootfontein,-19.5667,18.1167,63.1,13,0,6.11,NA,2021-10-04 01:15:14
477,Bathsheba,13.2167,-59.5167,84.81,70,20,19.57,BB,2021-10-04 01:15:14
478,Chino Valley,34.7575,-112.4538,74.97,34,1,3.0,US,2021-10-04 01:15:15
479,Naze,28.3667,129.4833,79.83,61,20,17.96,JP,2021-10-04 01:15:15
480,Teya,60.3778,92.6267,32.49,96,100,2.55,RU,2021-10-04 01:15:16
481,Mount Isa,-20.7333,139.5,83.97,15,35,9.22,AU,2021-10-04 01:15:16
482,Ajaccio,42.0,8.9167,68.16,77,0,8.05,FR,2021-10-04 01:15:16
483,Hue,16.4667,107.6,80.71,78,20,2.3,VN,2021-10-04 01:15:17
484,Vestmannaeyjar,63.4427,-20.2734,46.85,75,97,18.57,IS,2021-10-04 01:15:17
485,Bucerias,20.75,-105.3333,85.98,79,40,6.91,MX,2021-10-04 01:15:18
486,Ocampo,21.65,-101.5,60.48,69,100,12.44,MX,2021-10-04 01:15:18
487,Tamiahua,21.2667,-97.45,79.12,80,95,6.33,MX,2021-10-04 01:15:19
488,Ornskoldsvik,63.2909,18.7153,53.42,100,90,23.02,SE,2021-10-04 01:15:19
489,Calabozo,8.9242,-67.4293,78.21,73,3,5.28,VE,2021-10-04 01:15:20
490,Tarakan,3.3,117.6333,80.1,83,40,3.44,ID,2021-10-04 01:14:40
491,Sechura,-5.5569,-80.8222,65.05,77,87,17.0,PE,2021-10-04 01:15:20
492,Mukhen,48.1,136.1,43.38,91,100,2.59,RU,2021-10-04 01:15:20
493,Peleduy,59.6289,112.7406,34.2,90,99,3.53,RU,2021-10-04 01:15:21
494,Nuuk,64.1835,-51.7216,39.81,81,28,8.05,GL,2021-10-04 01:15:21
495,Tongzi,28.7829,105.0877,77.97,83,96,4.79,CN,2021-10-04 01:15:22
496,Dudinka,69.4058,86.1778,23.22,97,100,6.93,RU,2021-10-04 01:15:22
497,Kukshi,22.2,74.75,78.69,87,91,4.18,IN,2021-10-04 01:15:23
498,Mamonovo,54.4643,19.938,49.95,79,97,15.86,RU,2021-10-04 01:15:23
499,Manggar,-2.8833,108.2667,79.99,81,100,4.56,ID,2021-10-04 01:15:24
500,Dzhebariki-Khaya,62.2167,135.8,34.86,65,13,3.53,RU,2021-10-04 01:15:24
501,Santa Maria Do Suacui,-18.1903,-42.4142,76.37,45,99,2.91,BR,2021-10-04 01:15:25
502,Kavaratti,10.5669,72.642,81.46,78,100,9.24,IN,2021-10-04 01:15:25
503,Srisailam,16.0833,78.8667,72.72,92,2,2.19,IN,2021-10-04 01:15:25
504,Formosa Do Rio Preto,-11.0483,-45.1931,81.23,28,6,5.66,BR,2021-10-04 01:15:26
505,Tagab,34.855,69.6492,60.39,23,0,6.85,AF,2021-10-04 01:15:26
506,Harmanli,41.9333,25.9,50.94,86,0,1.7,BG,2021-10-04 01:15:27
507,Biak,-0.9131,122.8766,78.87,67,100,3.44,ID,2021-10-04 01:15:27
508,Kalmunai,7.4167,81.8167,78.4,87,100,6.24,LK,2021-10-04 01:15:27
509,Sambava,-14.2667,50.1667,69.3,88,89,8.32,MG,2021-10-04 01:15:28
510,Mitu,1.1983,-70.1733,77.7,85,95,1.01,CO,2021-10-04 01:14:12
511,Guerrero Negro,27.9769,-114.0611,76.8,62,100,13.8,MX,2021-10-04 01:15:28
512,Skibbereen,51.55,-9.2667,46.2,82,11,14.92,IE,2021-10-04 01:15:29
513,Vanimo,-2.6741,141.3028,86.54,61,100,2.48,PG,2021-10-04 01:15:29
514,Antalaha,-14.9003,50.2788,69.46,84,81,5.35,MG,2021-10-04 01:15:30
515,Buchanan,5.8808,-10.0467,77.32,90,74,2.24,LR,2021-10-04 01:15:30
516,Batemans Bay,-35.7167,150.1833,75.2,51,17,5.28,AU,2021-10-04 01:15:31
517,Belyy,55.8402,32.9419,43.66,88,100,4.94,RU,2021-10-04 01:15:31
518,Abu Dhabi,24.4667,54.3667,84.31,69,100,22.17,AE,2021-10-04 01:14:37
519,Bowen,-20.0167,148.2333,79.83,76,8,12.86,AU,2021-10-04 01:15:32
520,Le Port,-20.9373,55.2919,69.8,77,8,7.56,RE,2021-10-04 01:15:32
521,Fort Frances,48.5999,-93.4003,56.16,81,1,0.0,CA,2021-10-04 01:13:04
522,Corsicana,32.0954,-96.4689,79.97,55,1,1.99,US,2021-10-04 01:12:54
523,Rawson,-43.3002,-65.1023,57.36,31,58,22.15,AR,2021-10-04 01:15:33
524,Burnie,-41.0667,145.9167,54.68,83,45,16.22,AU,2021-10-04 01:15:33
525,Yulara,-25.2406,130.9889,76.84,18,0,11.5,AU,2021-10-04 01:15:34
526,Abaza,52.655,90.0928,31.26,68,100,2.24,RU,2021-10-04 01:15:34
527,Smithers,54.7804,-127.1743,43.12,56,20,3.44,CA,2021-10-04 01:15:34
528,Nara,34.6851,135.8049,80.98,59,5,1.25,JP,2021-10-04 01:13:49
529,Alice Springs,-23.7,133.8833,76.55,18,0,13.8,AU,2021-10-04 01:15:35
530,Lawrence,38.9717,-95.2353,70.59,75,1,4.61,US,2021-10-04 01:12:43
531,Darovskoy,58.77,47.9564,42.3,83,100,2.86,RU,2021-10-04 01:15:36
532,Tres Palos,18.1833,-101.6167,81.21,94,97,2.68,MX,2021-10-04 01:15:36
533,Fengcheng,40.4536,124.0717,61.21,83,100,10.78,CN,2021-10-04 01:15:36
534,Vaitape,-16.5167,-151.75,79.11,70,8,9.4,PF,2021-10-04 01:15:37
535,Krasnystaw,50.9846,23.1742,46.6,68,100,10.11,PL,2021-10-04 01:15:37
536,Pacifica,37.6138,-122.4869,90.99,63,20,1.01,US,2021-10-04 01:15:38
537,Hami,42.8,93.45,48.38,31,0,1.83,CN,2021-10-04 01:15:38
538,Znamenskoye,57.1281,73.8282,28.11,94,97,6.89,RU,2021-10-04 01:15:38
539,Phan Thiet,10.9333,108.1,78.58,87,100,5.12,VN,2021-10-04 01:13:28
540,Craigieburn,-37.6,144.95,61.0,51,40,17.27,AU,2021-10-04 01:12:43
541,Bentiu,9.2333,29.8333,72.46,93,100,4.03,SS,2021-10-04 01:15:39
542,Tura,25.5198,90.2201,72.27,97,43,4.25,IN,2021-10-04 01:15:39
543,Udachnyy,66.4167,112.4,28.81,76,99,3.67,RU,2021-10-04 01:15:40
544,Barnala,30.3833,75.55,78.66,72,1,3.76,IN,2021-10-04 01:15:40
545,Sulya,12.5667,75.3833,77.04,98,100,1.36,IN,2021-10-04 01:15:41
546,Cabo San Lucas,22.8909,-109.9124,86.5,72,20,6.91,MX,2021-10-04 01:14:24
547,Chara,56.9064,118.2631,32.05,61,90,1.54,RU,2021-10-04 01:15:41
548,Abu Kamal,34.4506,40.9171,72.77,46,0,13.67,SY,2021-10-04 01:15:42
549,Olinda,-8.0089,-34.8553,80.33,74,20,9.22,BR,2021-10-04 01:12:08
550,Kaka,37.3482,59.6143,52.7,25,0,6.17,TM,2021-10-04 01:15:42
551,Martinopolis,-22.1458,-51.1708,65.52,79,98,12.5,BR,2021-10-04 01:15:43
552,Kampong Thum,12.7111,104.8887,79.92,85,20,4.41,KH,2021-10-04 01:15:43
553,Mangan,27.5167,88.5333,72.64,88,90,0.69,IN,2021-10-04 01:15:44
554,Ulaangom,49.9811,92.0667,34.29,59,100,4.94,MN,2021-10-04 01:15:44
555,Vao,-22.6667,167.4833,72.82,90,0,8.41,NC,2021-10-04 01:15:44
556,Pleszew,51.8964,17.7855,50.61,63,47,8.23,PL,2021-10-04 01:15:45
557,Esso,55.9333,158.7,38.14,99,100,6.98,RU,2021-10-04 01:15:45
558,Lulea,65.5842,22.1547,51.87,87,90,23.02,SE,2021-10-04 01:15:46
559,Nyurba,63.2842,118.3319,33.13,73,68,5.3,RU,2021-10-04 01:15:46
560,Surt,31.2089,16.5887,74.97,60,0,11.03,LY,2021-10-04 01:15:47
561,Turbat,26.0023,63.044,81.77,22,100,7.87,PK,2021-10-04 01:15:47
562,Alyangula,-13.8483,136.4192,84.4,66,4,7.92,AU,2021-10-04 01:15:47
563,Mayor Pablo Lagerenza,-19.9309,-60.7718,62.37,59,90,13.04,PY,2021-10-04 01:15:48
564,Zaozerne,45.1582,33.2787,52.95,71,58,13.76,UA,2021-10-04 01:15:49
565,Green,40.9459,-81.4832,69.57,93,40,3.0,US,2021-10-04 01:15:49
566,Zabid,14.1951,43.3152,87.12,52,98,4.56,YE,2021-10-04 01:15:49
567,Nhulunbuy,-12.2333,136.7667,88.41,58,20,12.66,AU,2021-10-04 01:15:50
568,Khudumelapye,-23.8833,24.75,53.67,22,0,8.48,BW,2021-10-04 01:11:20
569,Farah,32.5,62.5,54.23,31,0,3.94,AF,2021-10-04 01:15:50
570,Seoul,37.5683,126.9778,77.41,73,75,10.36,KR,2021-10-04 01:15:51
571,Owosso,42.9978,-84.1766,67.64,98,75,0.0,US,2021-10-04 01:15:51
572,Ginda,30.6945,78.4932,57.13,84,0,6.04,IN,2021-10-04 01:15:52
573,Glenwood Springs,39.5505,-107.3248,67.12,52,1,5.75,US,2021-10-04 01:15:52
574,Duldurga,50.6761,113.5931,38.73,64,100,11.27,RU,2021-10-04 01:15:53
575,Erzin,36.9559,36.2,70.52,64,0,3.02,TR,2021-10-04 01:15:53
576,Zeya,53.75,127.2667,41.18,46,0,5.84,RU,2021-10-04 01:15:53
577,Dalbandin,28.8947,64.4101,66.09,22,43,6.13,PK,2021-10-04 01:15:54
578,Sakakah,29.9697,40.2064,74.77,31,0,5.93,SA,2021-10-04 01:15:54
579,Pacific Grove,36.6177,-121.9166,90.0,61,1,3.44,US,2021-10-04 01:15:55
580,Shumskiy,54.8318,99.1328,34.21,92,100,1.77,RU,2021-10-04 01:15:55
581,Alta Floresta,-9.8756,-56.0861,75.36,79,77,2.28,BR,2021-10-04 01:15:55
582,Cajati,-24.7361,-48.1228,68.85,100,100,2.35,BR,2021-10-04 01:15:56
583,Ixtapa,20.7,-105.2,85.23,79,40,6.91,MX,2021-10-04 01:15:56
584,Zherdevka,51.8486,41.4606,40.15,86,3,6.46,RU,2021-10-04 01:15:57
585,Hurricane,37.1753,-113.2899,79.7,29,50,1.01,US,2021-10-04 01:15:57
586,Sao Miguel Do Araguaia,-13.275,-50.1628,84.29,44,91,3.71,BR,2021-10-04 01:15:58
587,Visby,57.6409,18.296,58.86,82,20,17.27,SE,2021-10-04 01:15:58
588,Selikhino,50.3672,137.4996,46.13,51,0,4.25,RU,2021-10-04 01:15:58
589,Omidiyeh,30.7597,49.705,84.9,37,4,8.95,IR,2021-10-04 01:11:35
590,Rupert,42.6191,-113.6772,72.84,26,1,0.0,US,2021-10-04 01:15:59
591,Skjervoy,70.0311,20.9714,53.22,70,100,26.19,NO,2021-10-04 01:16:00
592,Ambilobe,-13.2,49.05,66.04,85,7,3.36,MG,2021-10-04 01:16:00
593,Badvel,14.75,79.05,78.03,88,6,1.77,IN,2021-10-04 01:16:00
594,Kysyl-Syr,63.8986,122.7617,33.17,64,100,3.76,RU,2021-10-04 01:16:01
595,Yei,4.095,30.6779,65.77,96,67,2.26,SS,2021-10-04 01:16:01
596,Jinchang,38.4953,102.1739,49.14,51,100,3.02,CN,2021-10-04 01:16:02
597,Xichang,27.8964,102.2634,66.76,87,80,1.68,CN,2021-10-04 01:16:02
598,Horodyshche,49.2849,31.4451,45.77,67,100,5.73,UA,2021-10-04 01:16:03
599,Pisco,-13.7,-76.2167,61.02,82,90,14.97,PE,2021-10-04 01:16:03
600,Nanakuli,21.3906,-158.1547,87.75,56,40,11.5,US,2021-10-04 01:16:04
601,Kieta,-6.2167,155.6333,85.12,72,100,5.53,PG,2021-10-04 01:16:05
602,Bojnurd,37.4747,57.329,48.15,46,0,4.61,IR,2021-10-04 01:16:05
603,Inuvik,68.3499,-133.7218,34.56,100,90,12.66,CA,2021-10-04 01:16:06
604,Churapcha,62.0025,132.4325,32.83,67,12,6.98,RU,2021-10-04 01:16:06
605,Itainopolis,-7.4469,-41.4783,80.62,29,2,4.23,BR,2021-10-04 01:11:16
606,Bisira,8.5196,-81.7115,61.25,96,100,2.84,PA,2021-10-04 01:16:07
607,Hanyang,32.1371,105.5126,57.25,89,100,10.36,CN,2021-10-04 01:16:07
608,San Jose,37.3394,-121.895,91.36,21,75,1.99,US,2021-10-04 01:14:25
609,Bhandara,21.1667,79.65,77.59,92,22,1.7,IN,2021-10-04 01:16:08
610,Naron,43.5167,-8.1528,58.66,87,100,10.0,ES,2021-10-04 01:11:43
611,Mikhaylovka,50.06,43.2379,43.34,79,2,7.18,RU,2021-10-04 01:16:09
612,Umm Kaddadah,13.6017,26.6876,86.77,21,100,15.41,SD,2021-10-04 01:16:09
613,Waipawa,-41.4122,175.5153,55.45,84,92,2.68,NZ,2021-10-04 01:16:09
614,Batagay-Alyta,67.8006,130.4114,21.7,80,66,2.15,RU,2021-10-04 01:16:10
615,Steinbach,50.1667,8.5667,57.6,92,20,3.44,DE,2021-10-04 01:16:10
616,Porto Novo,6.4965,2.6036,80.42,91,100,1.95,BJ,2021-10-04 01:16:11
617,Grand-Lahou,5.1367,-5.0242,76.03,94,22,3.76,CI,2021-10-04 01:16:11
618,Sioux Lookout,50.1001,-91.917,55.78,76,40,2.3,CA,2021-10-04 01:16:11
619,Ayagoz,47.9714,80.4392,40.68,55,100,8.23,KZ,2021-10-04 01:16:12
620,Morondava,-20.2833,44.2833,75.81,80,0,4.09,MG,2021-10-04 01:16:12
621,Anito,12.4497,125.2886,78.8,94,100,13.73,PH,2021-10-04 01:16:13
622,Ilmajoki,62.7333,22.5667,54.99,64,0,20.71,FI,2021-10-04 01:16:13
623,Pathein,16.7833,94.7333,79.38,88,57,1.05,MM,2021-10-04 01:16:14
624,Mangrol,21.1167,70.1167,80.15,86,11,6.2,IN,2021-10-04 01:16:14
625,Athabasca,54.7169,-113.2854,47.08,23,10,8.43,CA,2021-10-04 01:15:12
626,Karasjok,69.4719,25.5112,48.31,84,100,28.03,NO,2021-10-04 01:16:15
627,Raghogarh,24.45,77.2,74.17,91,0,4.88,IN,2021-10-04 01:16:15
628,San Carlos De Bariloche,-41.1456,-71.3082,34.45,91,100,7.72,AR,2021-10-04 01:12:02
629,Morayfield,-27.1167,152.95,95.4,31,0,8.99,AU,2021-10-04 01:16:16
630,Bykov,47.3167,142.55,50.79,89,100,6.98,RU,2021-10-04 01:16:16
631,Moose Factory,51.2585,-80.6094,49.98,87,1,4.61,CA,2021-10-04 01:15:59
632,Lebanon,36.2081,-86.2911,71.65,81,1,8.05,US,2021-10-04 01:16:06
633,Ostrovnoy,68.0531,39.5131,44.73,83,83,25.26,RU,2021-10-04 01:16:17
634,Xinyu,27.8043,114.9334,87.08,52,0,2.98,CN,2021-10-04 01:16:17
635,Coruripe,-10.1256,-36.1756,75.02,87,40,11.7,BR,2021-10-04 01:16:01
636,Uruzgan,32.8333,66.0,55.58,35,0,2.82,AF,2021-10-04 01:16:18
637,Shingu,33.7333,135.9833,81.59,66,27,4.94,JP,2021-10-04 01:16:19
638,Lock Haven,41.137,-77.4469,69.53,98,100,1.97,US,2021-10-04 01:16:19
639,Charlottetown,46.2352,-63.1267,48.72,87,90,3.0,CA,2021-10-04 01:11:30
640,Erenhot,43.6475,111.9767,46.53,39,100,3.09,CN,2021-10-04 01:16:20
641,Namatanai,-3.6667,152.4333,86.04,65,100,5.68,PG,2021-10-04 01:16:20
642,Shaunavon,49.6501,-108.4181,62.38,24,0,5.95,CA,2021-10-04 01:16:20
643,Krasnoselkup,65.7,82.4667,20.17,87,66,7.05,RU,2021-10-04 01:16:21
644,Okato,-39.2,173.8833,62.42,90,65,7.34,NZ,2021-10-04 01:16:21
645,Wahiawa,21.5028,-158.0236,84.52,67,20,9.22,US,2021-10-04 01:13:44
646,Florianopolis,-27.6146,-48.5012,69.4,72,20,3.0,BR,2021-10-04 01:16:22
647,Meulaboh,4.1363,96.1285,77.2,80,96,3.65,ID,2021-10-04 01:16:23
648,Minuri,16.535,121.8574,79.48,88,86,2.98,PH,2021-10-04 01:16:23
649,Dyersburg,36.0345,-89.3856,71.89,88,1,3.44,US,2021-10-04 01:16:01
650,Muros,42.7762,-9.0603,61.84,95,100,6.6,ES,2021-10-04 01:16:24
651,Pangkalanbuun,-2.6833,111.6167,73.53,97,100,0.85,ID,2021-10-04 01:16:24
652,Waddan,29.1614,16.139,74.26,41,5,7.52,LY,2021-10-04 01:16:24
653,Itoman,26.1247,127.6694,86.02,62,75,19.57,JP,2021-10-04 01:16:25
654,Calamar,10.2511,-74.9146,84.15,91,100,5.1,CO,2021-10-04 01:16:25
655,Carberry,49.8689,-99.3602,62.65,29,1,5.14,CA,2021-10-04 01:16:26
656,Pinos Puente,37.2511,-3.7497,61.29,80,0,5.75,ES,2021-10-04 01:16:26
657,Stillwater,36.1156,-97.0584,72.88,56,1,3.44,US,2021-10-04 01:16:27
658,Savannah Bight,16.45,-85.85,82.0,72,11,9.73,HN,2021-10-04 01:16:27
659,South Yuba City,39.1166,-121.6391,89.53,28,1,3.44,US,2021-10-04 01:16:28
660,Tambura,5.6,27.4667,67.21,97,82,1.05,SS,2021-10-04 01:16:29
661,Santa Luzia,-19.7697,-43.8514,77.9,56,66,4.34,BR,2021-10-04 01:13:39
662,Micheweni,-4.9667,39.8333,74.35,81,39,8.7,TZ,2021-10-04 01:16:29
663,Mackenzie,55.2999,-123.1698,39.42,65,75,2.3,CA,2021-10-04 01:16:30
664,Murdochville,48.9583,-65.5006,38.91,99,98,2.91,CA,2021-10-04 01:12:05
665,Zhanakorgan,43.9098,67.2495,47.21,45,1,6.06,KZ,2021-10-04 01:16:30
666,Hervey Bay,-25.2986,152.8535,82.04,85,2,19.51,AU,2021-10-04 01:16:31
667,Saint Charles,38.7667,-90.7335,69.17,88,90,0.0,US,2021-10-04 01:16:31
668,Norwalk,33.9022,-118.0817,94.17,29,1,4.0,US,2021-10-04 01:12:47
669,Axim,4.8699,-2.2405,76.8,91,100,5.19,GH,2021-10-04 01:15:00
670,Nichinan,31.6,131.3667,80.28,54,5,10.4,JP,2021-10-04 01:16:32
671,Luba,3.4568,8.5547,78.12,87,100,3.56,GQ,2021-10-04 01:16:32
672,Dire,12.2833,-10.9667,73.63,85,8,1.34,ML,2021-10-04 01:16:33
673,Pervomayskoye,43.919,46.7102,60.62,67,100,16.58,RU,2021-10-04 01:16:33
674,Rabo De Peixe,37.8,-25.5833,72.28,88,75,3.44,PT,2021-10-04 01:16:34
675,Nakhon Si Thammarat,8.25,100.0,87.8,74,100,3.78,TH,2021-10-04 01:16:34
676,Trelew,-43.249,-65.3051,57.74,26,28,20.02,AR,2021-10-04 01:16:34
677,San Giovanni In Fiore,39.2633,16.6996,52.27,80,26,3.24,IT,2021-10-04 01:16:35
678,Haines Junction,60.7522,-137.5108,37.35,60,100,9.22,CA,2021-10-04 01:16:35
679,Pangai,-19.8,-174.35,78.91,73,75,27.63,TO,2021-10-04 01:16:36
680,Amalapuram,16.5833,82.0167,80.98,88,78,1.23,IN,2021-10-04 01:16:36
681,Mugur-Aksy,50.35,90.5,11.93,77,48,3.15,RU,2021-10-04 01:16:36
682,Powell River,49.8496,-124.5361,59.07,71,75,4.61,CA,2021-10-04 01:16:37
683,Adamas,36.7333,24.4333,63.82,62,100,23.58,GR,2021-10-04 01:16:37
684,Mitsamiouli,-11.3847,43.2844,75.38,78,98,11.79,KM,2021-10-04 01:16:38
685,Semenivka,52.1783,32.5818,41.99,72,83,6.58,UA,2021-10-04 01:16:38
686,Aquiraz,-3.9014,-38.3911,82.49,83,18,16.8,BR,2021-10-04 01:16:38
687,Huarmey,-10.0681,-78.1522,63.63,83,98,11.07,PE,2021-10-04 01:16:39
688,San Luis,-33.295,-66.3356,53.62,26,0,10.56,AR,2021-10-04 01:16:39
689,La Ronge,55.1001,-105.2842,53.85,40,40,6.91,CA,2021-10-04 01:16:40
690,Aksu,41.1231,80.2644,48.33,76,100,3.29,CN,2021-10-04 01:16:40
691,Araouane,18.9048,-3.5265,92.86,13,89,5.82,ML,2021-10-04 01:16:41
692,Yuksekova,37.5736,44.2872,50.63,64,0,4.79,TR,2021-10-04 01:16:41
693,Namibe,-15.1961,12.1522,59.52,87,0,3.02,AO,2021-10-04 01:16:16
694,Mae Ramat,16.984,98.5166,80.92,95,100,0.31,TH,2021-10-04 01:16:41
695,Uzventis,55.7803,22.6547,46.47,78,20,12.84,LT,2021-10-04 01:16:42
696,Pechora,65.1472,57.2244,30.92,79,33,5.99,RU,2021-10-04 01:16:42
697,Rundu,-17.9333,19.7667,62.76,20,6,4.05,NA,2021-10-04 01:16:43
698,Sendafa,9.15,39.0333,49.95,87,73,2.04,ET,2021-10-04 01:16:43
699,Manakara,-22.1333,48.0167,68.47,91,8,9.57,MG,2021-10-04 01:16:44
700,Lensk,60.7253,114.9278,34.86,86,98,6.73,RU,2021-10-04 01:16:44
701,Peruibe,-24.32,-46.9983,68.58,97,100,4.23,BR,2021-10-04 01:12:22
702,Monrovia,6.3005,-10.7969,77.58,88,67,1.03,LR,2021-10-04 01:16:45
703,Baherden,38.4362,57.4316,54.16,26,0,9.86,TM,2021-10-04 01:16:45
704,Smiths Falls,44.9001,-76.0161,55.54,97,100,7.09,CA,2021-10-04 01:14:02
705,Nishihara,26.1842,127.7558,85.28,62,75,19.57,JP,2021-10-04 01:16:46
706,Sao Joao Dos Patos,-6.495,-43.7022,82.45,40,99,3.56,BR,2021-10-04 01:16:46
707,Graaff-Reinet,-32.2522,24.5308,44.92,82,42,2.53,ZA,2021-10-04 01:16:46
